,exp1,exp2,exp3,exp4,exp5,exp6,exp7,exp8,exp9,exp10
a,2.337183267,4.345282366,5.624825052,6.577466216,10.12818794,16.67377115,10.98594808,17.08403565,17.6119937,21.17563049
b,16.49247807,15.84074059,20.0024403,15.13511359,10.16438007,13.08962658,4.556501484,5.596298315,4.258418433,2.244815022
c,1.644535855,3.268243056,5.020729385,5.903484151,8.194112331,14.12470661,8.77786485,13.29896239,13.75340312,18.37680821
d,23.83487761,19.52388455,14.82611663,14.97123268,12.002625,14.80249225,3.154094696,5.687773291,4.456980559,1.589073101
e,11.90330589,11.37524445,11.91814153,11.04740134,10.20970599,14.60659554,6.594665532,9.982700902,9.505426275,10.03479646
